,n1327_u32_id,n671_u32_id,n316_u32_id,n4_u32_id
0,997,0,0,0
1,8,0,0,0
2,567,0,0,0
3,688,0,0,688
4,695,0,0,688
5,315,0,0,688
6,184,0,184,688
7,68,68,184,688
8,667,667,184,688
9,526157192,526157192,184,688
10,526157196,526157196,184,688
11,526322264,526322264,184,688
12,500,0,0,688
13,107,0,0,688
14,219,0,0,688
15,299,0,0,688
16,644,0,0,688
17,947,0,0,688
18,985,0,985,688
19,320,320,985,688
20,943,943,985,688
21,648,648,985,688
22,844,844,985,688
23,882,882,985,688
24,993,0,993,688
25,656,656,993,688
26,962,962,993,688
27,767,767,993,688
28,1021,1021,993,688
29,1085,1085,993,688
30,453,0,0,688
31,12993,0,0,688
32,12994,0,0,688
33,12995,0,0,688
34,12996,0,0,688
35,12997,0,0,688
36,12998,0,0,688
37,322,0,0,688
38,793,0,0,688
39,346,0,0,688
40,865,0,0,688
41,921,0,0,688
42,686,0,0,688
43,719,0,0,688
44,353,0,353,688
45,558,558,353,688
46,838,838,353,688
47,654,654,353,688
48,702,702,353,688
49,889,889,353,688
50,929,929,353,688
51,329,0,329,688
52,981,981,329,688
53,201,201,329,688
54,1047,1047,329,688
55,1070,1070,329,688
56,1038,1038,329,688
57,1062,1062,329,688
58,480149202,0,329,688
59,480149206,0,329,688
60,480149210,0,329,688
61,480149214,0,329,688
62,480149218,0,329,688
63,480149222,0,329,688
64,480149226,0,329,688
65,337,0,337,688
66,1030,1030,337,688
67,113,113,337,688
68,1094,1094,337,688
69,1128,1128,337,688
70,478,478,337,688
71,510,510,337,688
72,345,0,345,688
73,878,878,345,688
74,657,657,345,688
75,950,950,345,688
76,974,974,345,688
77,1102,1102,345,688
78,2,2,345,688
79,369,0,369,688
80,450,450,369,688
81,854,854,369,688
82,577,577,369,688
83,625,625,369,688
84,945,945,369,688
85,1026,1026,369,688
86,361,0,361,688
87,1006,1006,361,688
88,670,670,361,688
89,1086,1086,361,688
90,1111,1111,361,688
91,9,9,361,688
92,461,461,361,688
93,182305689,0,182305689,688
94,182305693,182305693,182305689,688
95,182305697,182305697,182305689,688
96,182305701,182305701,182305689,688
97,182305705,182305705,182305689,688
98,182305709,182305709,182305689,688
99,182305713,182305713,182305689,688
100,378,0,378,688
101,873,873,378,688
102,806,806,378,688
103,1035,1035,378,688
104,1090,1090,378,688
105,862,862,378,688
106,893,893,378,688
107,1057,0,1057,688
108,36,36,1057,688
109,180,180,1057,688
110,148,148,1057,688
111,187,187,1057,688
112,638,638,1057,688
113,662,662,1057,688
114,677,0,677,688
115,897,897,677,688
116,1106,1106,677,688
117,1010,1010,677,688
118,1058,1058,677,688
119,857,857,677,688
120,849,849,677,688
121,247,0,0,688
122,1011,0,1011,688
123,527,527,1011,688
124,600,600,1011,688
125,678,678,1011,688
126,252,252,1011,688
127,156,156,1011,688
128,243,243,1011,688
129,480149230,0,1011,688
130,480149234,0,1011,688
131,480149238,0,1011,688
132,480149242,0,1011,688
133,480149246,0,1011,688
134,480149250,0,1011,688
135,480149254,0,1011,688
136,1002,0,1002,688
137,735,735,1002,688
138,251,251,1002,688
139,816,816,1002,688
140,847,847,1002,688
141,954,954,1002,688
142,1005,1005,1002,688
143,1027,0,1027,688
144,696,696,1027,688
145,643,643,1027,688
146,759,759,1027,688
147,791,791,1027,688
148,249,249,1027,688
149,456,456,1027,688
150,1018,0,1018,688
151,959,959,1018,688
152,755,755,1018,688
153,990,990,1018,688
154,1023,1023,1018,688
155,520,520,1018,688
156,598,598,1018,688
157,669,0,0,688
158,801,0,0,688
159,561,0,0,688
160,913,0,0,688
161,937,0,0,688
162,457,0,0,688
163,497,0,0,688
164,402,0,402,688
165,1074,1074,402,688
166,905,905,402,688
167,1114,1114,402,688
168,233,233,402,688
169,601,601,402,688
170,649,649,402,688
171,394,0,394,688
172,281,281,394,688
173,1066,1066,394,688
174,401,401,394,688
175,433,433,394,688
176,1046,1046,394,688
177,441,441,394,688
178,409,0,409,688
179,421,421,409,688
180,973,973,409,688
181,573,573,409,688
182,613,613,409,688
183,74,74,409,688
184,121,121,409,688
185,385,0,385,688
186,593,593,385,688
187,821,821,385,688
188,721,721,385,688
189,778,778,385,688
190,33,33,385,688
191,305,305,385,688
192,425,0,425,688
193,750,750,425,688
194,269,269,425,688
195,869,869,425,688
196,902,902,425,688
197,377,377,425,688
198,393,393,425,688
199,533,0,533,688
200,805,805,533,688
201,41,41,533,688
202,501,501,533,688
203,565,565,533,688
204,257,257,533,688
205,469,469,533,688
206,312782574,0,312782574,688
207,312782578,312782578,312782574,688
208,312782582,312782582,312782574,688
209,312782586,312782586,312782574,688
210,312782590,312782590,312782574,688
211,312782594,312782594,312782574,688
212,312782598,312782598,312782574,688
213,312782628,0,312782628,688
214,312782632,312782632,312782628,688
215,312782636,312782636,312782628,688
216,312782640,312782640,312782628,688
217,312782644,312782644,312782628,688
218,312782648,312782648,312782628,688
219,312782652,312782652,312782628,688
220,31,0,0,688
221,572,0,0,688
222,1053,0,0,688
223,739,0,0,688
224,179,0,0,688
225,227,0,0,688
226,39,0,39,688
227,935,935,39,688
228,211,211,39,688
229,1015,1015,39,688
230,919,919,39,688
231,927,927,39,688
232,48,0,48,688
233,588,588,48,688
234,296,296,48,688
235,772,772,48,688
236,810,810,48,688
237,819,819,48,688
238,972,0,972,688
239,171,171,972,688
240,195,0,972,688
241,304,304,972,688
242,363,363,972,688
243,84,84,972,688
244,132,132,972,688
245,44,0,44,688
246,707,707,44,688
247,747,0,44,688
248,556,556,44,688
249,827,827,44,688
250,1054,1054,44,688
251,1081,1081,44,688
252,714,0,0,688
253,264,0,0,688
254,492,0,0,688
255,352,0,0,688
256,476,0,0,688
257,516,0,0,688
258,723,0,723,688
259,448,448,723,688
260,412,412,723,688
261,630,630,723,688
262,440,440,723,688
263,488,488,723,688
264,731,0,731,688
265,484,484,731,688
266,524,0,731,688
267,582,582,731,688
268,620,620,731,688
269,910,910,731,688
270,527696977,527696977,731,688
271,738,0,0,688
272,746,0,746,688
273,969,969,746,688
274,288,288,746,688
275,1125,1125,746,688
276,608,608,746,688
277,680,680,746,688
278,95,0,0,688
279,104,0,104,688
280,996,996,104,688
281,328,328,104,688
282,1101,1101,104,688
283,783,783,104,688
284,831,831,104,688
285,111,0,111,688
286,120,120,111,688
287,163,163,111,688
288,344,344,111,688
289,314,314,111,688
290,355,355,111,688
291,119,0,119,688
292,704,704,119,688
293,694,694,119,688
294,800,800,119,688
295,675,675,119,688
296,699,699,119,688
297,254,0,0,688
298,894,0,894,688
299,671,671,894,688
300,965,965,894,688
301,774,774,894,688
302,906,906,894,688
303,279,279,894,688
304,480149258,0,894,688
305,480149262,0,894,688
306,480149266,0,894,688
307,480149270,0,894,688
308,480149274,0,894,688
309,480149278,0,894,688
310,480149282,0,894,688
311,480149286,0,894,688
312,480149290,0,894,688
313,480149294,0,894,688
314,480149298,0,894,688
315,480149302,0,894,688
316,480149306,0,894,688
317,480149310,0,894,688
318,480149314,0,894,688
319,480149318,0,894,688
320,480149322,0,894,688
321,480149326,0,894,688
322,480149330,0,894,688
323,480149334,0,894,688
324,480149338,0,894,688
325,879,0,879,688
326,442,442,879,688
327,434,434,879,688
328,545,0,879,688
329,610,610,879,688
330,274,274,879,688
331,330,330,879,688
332,886,0,886,688
333,542,542,886,688
334,606,0,886,688
335,430,430,886,688
336,687,687,886,688
337,590,590,886,688
338,622,622,886,688
339,22,0,0,688
340,532,0,0,688
341,241,0,0,688
342,635,0,0,688
343,683,0,0,688
344,308,0,0,688
345,340,0,0,688
346,312782546,0,312782546,688
347,312782550,312782550,312782546,688
348,312782554,312782554,312782546,688
349,312782558,312782558,312782546,688
350,312782562,312782562,312782546,688
351,312782566,312782566,312782546,688
352,312782570,312782570,312782546,688
353,417,0,417,688
354,312782604,312782604,417,688
355,312782608,312782608,417,688
356,312782612,312782612,417,688
357,312782616,312782616,417,688
358,312782620,312782620,417,688
359,312782624,312782624,417,688
360,541,0,541,688
361,97,97,541,688
362,1127,1127,541,688
363,234,234,541,688
364,289,289,541,688
365,729,729,541,688
366,786,786,541,688
367,922,0,922,688
368,540,540,922,688
369,888,888,922,688
370,692,692,922,688
371,335,335,922,688
372,368,368,922,688
373,895,0,895,688
374,836,836,895,688
375,427,427,895,688
376,988,988,895,688
377,977,977,895,688
378,1045,1045,895,688
379,698,698,0,688
380,507,507,507,688
381,212,507,507,688
382,220,507,507,688
383,228,507,507,688
384,236,507,507,688
385,244,507,507,688
386,151,698,151,688
387,188,188,151,688
388,196,196,151,688
389,204,204,151,688
390,159,159,159,688
391,167,159,159,688
392,175,159,159,688
393,183,159,159,688
394,191,159,159,688
395,199,159,159,688
396,160,159,159,688
397,168,159,159,688
398,589,698,589,688
399,597,597,589,688
400,297,597,589,688
401,1034,597,589,688
402,1042,597,589,688
403,1050,597,589,688
404,1059,597,589,688
405,605,605,589,688
406,306,605,589,688
407,1067,605,589,688
408,1075,605,589,688
409,1082,605,589,688
410,814,814,814,688
411,496,814,814,688
412,535,814,814,688
413,360,814,814,688
414,646,814,814,688
415,267,814,814,688
416,961,961,961,688
417,152,961,961,688
418,276,961,961,688
419,284,961,961,688
420,291,961,961,688
421,619,698,619,688
422,392,698,619,688
423,260,260,619,688
424,268,268,619,688
425,1139,1139,619,688
426,631,698,0,688
427,639,639,639,688
428,192,639,639,688
429,200,639,639,688
430,208,639,639,688
431,647,698,647,688
432,655,655,647,688
433,584,655,647,688
434,376,655,647,688
435,216,655,647,688
436,224,655,647,688
437,232,655,647,688
438,663,663,647,688
439,592,663,647,688
440,383,663,647,688
441,240,663,647,688
442,248,663,647,688
443,256,663,647,688
444,788,788,788,688
445,400,788,788,688
446,408,788,788,688
447,416,788,788,688
448,424,788,788,688
449,566,566,566,688
450,517,566,566,688
451,1140,566,566,688
452,1141,566,566,688
453,1142,566,566,688
454,1089,1089,0,688
455,1080,1089,0,688
456,375,1089,0,688
457,382,382,382,688
458,391,382,382,688
459,399,382,382,688
460,407,382,382,688
461,415,382,382,688
462,423,423,423,688
463,431,423,423,688
464,438,423,423,688
465,446,423,423,688
466,454,423,423,688
467,463,463,463,688
468,471,463,463,688
469,479,463,463,688
470,486,463,463,688
471,495,463,463,688
472,504,463,463,688
473,726,1089,726,688
474,10703,10703,726,688
475,10704,10704,726,688
476,632,632,726,688
477,10702,1089,726,688
478,734,1089,726,688
479,742,1089,726,688
480,751,1089,726,688
481,758,1089,726,688
482,766,1089,726,688
483,775,1089,726,688
484,782,1089,726,688
485,790,1089,726,688
486,799,1089,726,688
487,807,1089,726,688
488,815,1089,726,688
489,823,1089,726,688
490,982,982,982,688
491,19,19,19,688
492,822,1089,0,688
493,909,1089,0,688
494,918,1089,918,688
495,1121,1121,918,688
496,20,20,918,688
497,999,1089,918,688
498,715,1089,918,688
499,764,1089,918,688
500,52,52,918,688
501,92,1089,918,688
502,312,1089,918,688
503,139,139,918,688
504,387,1089,918,688
505,28,28,918,688
506,60,1089,918,688
507,926,1089,926,688
508,526,526,926,688
509,543,543,926,688
510,468,1089,926,688
511,508,1089,926,688
512,664,664,926,688
513,712,1089,926,688
514,727,727,926,688
515,550,1089,926,688
516,743,743,926,688
517,934,1089,0,688
518,259,1089,0,688
519,324,1089,0,688
520,371,1089,0,688
521,419,1089,0,688
522,1133,1089,0,688
523,843,843,843,688
524,10693,843,843,688
525,10694,843,843,688
526,10695,843,843,688
527,1037,1037,1037,688
528,10696,1037,1037,688
529,10697,1037,1037,688
530,10698,1037,1037,688
531,1084,1084,1084,688
532,10699,1084,1084,688
533,10700,1084,1084,688
534,10701,1084,1084,688
535,502,502,502,688
536,509,502,502,688
537,829,502,502,688
538,845,502,502,688
539,837,502,502,688
540,518,502,502,688
541,853,502,502,688
542,870,502,502,688
543,861,502,502,688
544,484682470,484682470,484682470,688
545,484682475,484682470,484682470,688
546,484682479,484682470,484682470,688
547,484682483,484682470,484682470,688
548,484682487,484682470,484682470,688
549,484682492,484682470,484682470,688
550,484682496,484682470,484682470,688
551,484682500,484682470,484682470,688
552,484682504,484682470,484682470,688
553,589508447,589508447,589508447,688
554,484682508,484682508,484682508,688
555,703,703,0,688
556,16,703,0,688
557,583,583,583,688
558,942,703,0,688
559,952,952,952,688
560,966,966,966,688
561,131,131,131,688
562,295,703,295,688
563,303,303,295,688
564,311,311,295,688
565,451,451,295,688
566,319,703,319,688
567,327,327,319,688
568,334,334,319,688
569,780,780,780,688
570,623,0,0,623
571,477,477,0,623
572,485,477,0,623
573,672,672,672,623
574,493,477,0,623
575,56,56,56,623
576,998,998,998,623
577,754,754,754,623
578,481,754,754,623
579,489,754,754,623
580,144,754,754,623
581,458,754,754,623
582,465,754,754,623
583,473,754,754,623
584,549009199,477,0,623
585,275,477,0,623
586,242,477,0,623
587,250,250,250,623
588,258,258,258,623
589,266,266,266,623
590,310,310,310,623
591,333,333,333,623
592,278,477,0,623
593,23,23,23,623
594,292,292,292,623
595,536,477,536,623
596,544,544,536,623
597,551,551,536,623
598,559,559,536,623
599,1105,1105,1105,623
600,403,403,403,623
601,411,403,403,623
602,418,403,403,623
603,426,403,403,623
604,472,403,403,623
605,480,403,403,623
606,487,403,403,623
607,435,403,403,623
608,803,803,0,623
609,818,803,0,623
610,1022,1022,1022,623
611,1031,1031,1031,623
612,835,803,0,623
613,342,342,342,623
614,298,298,298,623
615,826,803,0,623
616,904,803,0,623
617,564,564,564,623
618,596,596,596,623
619,581,581,581,623
620,809,803,0,623
621,351,351,351,623
622,359,351,351,623
623,537,351,351,623
624,498,351,351,623
625,505,351,351,623
626,513,351,351,623
627,546,351,351,623
628,521,351,351,623
629,554,351,351,623
630,562,351,351,623
631,529,351,351,623
632,367,351,351,623
633,569,351,351,623
634,578,351,351,623
635,585,351,351,623
636,594,351,351,623
637,602,351,351,623
638,287,287,287,623
639,343,0,0,343
640,1129,0,0,343
641,549,549,0,343
642,864,549,0,343
643,637,549,0,343
644,629,629,629,343
645,685,685,685,343
646,709,549,0,343
647,718,718,718,343
648,725,725,725,343
649,733,733,733,343
650,741,741,741,343
651,563807435,563807435,563807435,343
652,406,549,0,343
653,414,414,414,343
654,422,422,422,343
655,609,609,609,343
656,1044,1044,1044,343
657,1008,549,0,343
658,475,549,475,343
659,1072,1072,475,343
660,1079,1079,475,343
661,1088,1088,475,343
662,170,549,170,343
663,496345664,496345664,170,343
664,496345668,496345668,170,343
665,496345672,496345672,170,343
666,856,549,0,343
667,138,549,0,343
668,218,218,218,343
669,1020,1020,1020,343
670,1029,1029,1029,343
671,325,325,325,343
672,560581551,560581551,0,343
673,560581555,549,0,343
674,239,549,0,343
675,255,255,255,343
676,127,549,127,343
677,1096,1096,127,343
678,1104,1104,127,343
679,64,64,64,343
680,1120,1120,1120,343
681,1113,1113,1113,343
682,155,155,155,343
683,444,549,0,343
684,59,59,59,343
685,362,362,362,343
686,617,362,362,343
687,626,362,362,343
688,636,362,362,343
689,366,366,366,343
690,1077,1077,1077,343
691,571,549,0,343
692,149,149,149,343
693,15,15,15,343
694,181,181,181,343
695,560581559,560581559,560581559,343
696,51,549,0,343
697,189,189,189,343
698,599,599,599,343
699,907,907,907,343
700,575,575,575,343
701,930,930,930,343
702,560581563,560581563,560581563,343
703,262,262,262,343
704,1014,549,0,343
705,27,27,27,343
706,563807439,563807439,563807439,343
707,178,178,178,343
708,300,178,178,343
709,316,178,178,343
710,321,321,321,343
711,958,549,0,343
712,483,483,483,343
713,186,186,186,343
714,953,549,0,343
715,1097,1097,0,343
716,157,1097,0,343
717,390,390,390,343
718,332,332,332,343
719,432,332,332,343
720,38,38,38,343
721,71,38,38,343
722,47,38,38,343
723,79,38,38,343
724,103,38,38,343
725,652,38,38,343
726,660,38,38,343
727,94,38,38,343
728,55,38,38,343
729,87,38,38,343
730,110,38,38,343
731,30,30,30,343
732,118,118,118,343
733,223,223,223,343
734,141,1097,0,343
735,72,72,72,343
736,80,1097,0,343
737,263,263,263,343
738,272,272,272,343
739,830,830,830,343
740,668,830,830,343
741,676,830,830,343
742,684,830,830,343
743,452,452,452,343
744,523,523,523,343
745,763,763,763,343
746,914,914,914,343
747,1109,1109,1109,343
748,1124,1097,0,343
749,126,126,126,343
750,133,133,133,343
751,347,347,347,343
752,286,286,286,343
753,338,338,338,343
754,576073699,576073699,576073699,343
755,689,689,689,343
756,467,1097,0,343
757,88,88,88,343
758,700,88,88,343
759,708,88,88,343
760,716,88,88,343
761,724,88,88,343
762,331,1097,0,343
763,210,210,210,343
764,491,1097,491,343
765,732,732,491,343
766,606826647,606826647,491,343
767,606826651,606826651,491,343
768,606826655,606826655,491,343
769,606826659,606826659,491,343
770,525,525,525,343
771,1110,525,525,343
772,1118,525,525,343
773,557,1097,0,343
774,1126,1126,1126,343
775,1,1,1,343
776,515,515,515,343
777,740,515,515,343
778,748,515,515,343
779,756,515,515,343
780,980,980,980,343
781,1004,1004,1004,343
782,63,63,63,343
783,439,63,63,343
784,447,63,63,343
785,455,63,63,343
786,464,63,63,343
787,693,693,693,343
788,761,693,693,343
789,769,693,693,343
790,777,693,693,343
791,785,693,693,343
792,946,946,946,343
793,290,1097,0,343
794,194,194,194,343
795,226,226,226,343
796,356,356,356,343
797,364,364,364,343
798,576073704,576073704,576073704,343
799,173,173,173,343
800,470,470,470,343
801,614,614,614,343
802,797,797,797,343
803,796,797,797,343
804,804,804,797,343
805,10671,10671,10671,343
806,313,313,0,343
807,339,313,0,343
808,302,313,302,343
809,851,851,302,343
810,842,842,302,343
811,834,834,302,343
812,4,313,4,343
813,811,811,4,343
814,820,820,4,343
815,828,828,4,343
816,580,580,580,343
817,271,271,271,343
818,874,874,874,343
819,460,460,460,343
820,599626923,599626923,599626923,343
821,323,313,0,343
822,381,381,381,343
823,749,749,749,343
824,607344830,607344830,607344830,343
825,246,246,246,343
826,128,128,128,343
827,539,128,128,343
828,548,128,128,343
829,555,128,128,343
830,294,313,294,343
831,26,26,294,343
832,42,42,294,343
833,17,17,294,343
834,10,10,294,343
835,494,10,294,343
836,503,10,294,343
837,511,10,294,343
838,795,795,795,343
839,50,50,795,343
840,67,67,795,343
841,587,587,795,343
842,614454277,614454277,795,343
843,1100,313,0,343
844,215,215,215,343
845,531,531,531,343
846,628,628,628,343
847,634,634,634,343
848,706,706,706,343
849,1061,1061,1061,343
850,549009203,549009203,0,343
851,549009207,313,0,343
852,616,616,616,343
853,214,214,214,343
854,35,35,35,343
855,549009211,549009211,549009211,343
856,975,975,975,343
857,115,115,115,343
858,606826663,606826663,606826663,343
859,757,757,757,343
860,231,231,231,343
861,66,66,66,343
862,75,75,75,343
863,58,58,58,343
864,615,313,0,343
865,348,313,0,343
866,374,374,374,343
867,1052,1052,1052,343
868,165,313,0,343
869,12,12,12,343
870,100,100,100,343
871,607344834,607344834,100,343
872,607344838,607344838,100,343
873,607344842,607344842,100,343
874,607344846,607344846,100,343
875,607344850,607344850,100,343
876,607344854,607344854,100,343
877,607344858,607344858,100,343
878,607344862,607344862,100,343
879,197,197,197,343
880,591,591,591,343
881,872,872,872,343
882,1065,0,0,343
883,771,771,0,343
884,1132,771,0,343
885,612,612,612,343
886,82,612,612,343
887,90,612,612,343
888,99,612,612,343
889,7,7,7,343
890,867,867,867,343
891,123,123,867,343
892,881,867,867,343
893,860,867,867,343
894,868,867,867,343
895,875,867,867,343
896,883,867,867,343
897,891,867,867,343
898,890,867,867,343
899,899,867,867,343
900,915,867,867,343
901,923,867,867,343
902,398,771,398,343
903,122,122,398,343
904,105,105,398,343
905,114,114,398,343
906,987,771,0,343
907,280,280,280,343
908,880,880,880,343
909,283,771,0,343
910,599626927,599626927,599626927,343
911,898,898,898,343
912,931,931,931,343
913,1093,1093,1093,343
914,552,771,0,343
915,318,318,318,343
916,462,771,0,343
917,534,534,534,343
918,574,574,574,343
919,621,621,621,343
920,549009215,549009215,549009215,343
921,549009219,549009219,549009219,343
922,549009223,549009223,549009223,343
923,549009227,549009227,549009227,343
924,1117,771,0,343
925,679,679,679,343
926,137,679,679,343
927,130,679,679,343
928,147,147,147,343
929,162,162,162,343
930,604,604,604,343
931,146,146,146,343
932,238,238,238,343
933,350,350,350,343
934,358,358,358,343
935,354,354,0,343
936,386,354,0,343
937,207,207,207,343
938,607,354,0,343
939,112,354,0,343
940,560,354,0,343
941,96,96,96,343
942,101,101,101,343
943,720,354,0,343
944,711,711,711,343
945,1039,1039,1039,343
946,903,903,903,343
947,642,642,642,343
948,651,651,651,343
949,659,651,651,343
950,666,651,651,343
951,674,651,651,343
952,682,651,651,343
953,691,651,651,343
954,429,429,429,343
955,437,437,437,343
956,445,445,445,343
957,77,445,445,343
958,53,445,445,343
959,61,445,445,343
960,45,445,445,343
961,69,445,445,343
962,589508451,589508451,589508451,343
963,789,354,0,343
964,370,354,0,343
965,653,653,653,343
966,568,354,0,343
967,661,661,661,343
968,576,576,576,343
969,640,354,0,343
970,135,354,135,343
971,939,939,135,343
972,143,143,135,343
973,839,839,839,343
974,887,354,0,343
975,1048,1048,1048,343
976,372,372,372,343
977,83,83,83,343
978,136,136,136,343
979,106,106,106,343
980,203,203,203,343
981,235,354,235,343
982,955,955,235,343
983,963,963,235,343
984,307,307,307,343
985,395,354,395,343
986,1098,1098,1098,343
987,1107,1107,1107,343
988,852,852,852,343
989,859,859,859,343
990,938,354,0,343
991,970,970,970,343
992,978,978,978,343
993,154,354,0,343
994,161,354,0,343
995,177,177,177,343
996,169,169,169,343
997,995,354,0,343
998,1069,1069,1069,343
999,185,1069,1069,343
1000,193,1069,1069,343
1001,701,354,0,343
1002,209,209,209,343
1003,202,202,202,343
1004,225,225,225,343
1005,217,217,217,343
1006,765,765,765,343
1007,773,773,773,343
1008,781,781,781,343
1009,76,354,0,343
1010,379,354,0,343
1011,206,206,206,343
1012,230,230,230,343
1013,222,222,222,343
1014,512,512,0,512
1015,528,512,0,512
1016,1144,512,0,512
1017,1145,512,0,512
1018,1143,512,0,512
1019,645,512,0,512
1020,912,912,912,512
1021,10707,912,912,512
1022,10706,912,912,512
1023,10705,912,912,512
1024,920,512,920,512
1025,976,976,920,512
1026,10710,976,920,512
1027,10709,976,920,512
1028,10708,976,920,512
1029,984,984,920,512
1030,10713,984,920,512
1031,10712,984,920,512
1032,10711,984,920,512
1033,928,512,928,512
1034,992,512,928,512
1035,10716,512,928,512
1036,10715,512,928,512
1037,10714,512,928,512
1038,1001,512,928,512
1039,10719,512,928,512
1040,10718,512,928,512
1041,10717,512,928,512
1042,1091,1091,928,512
1043,10722,1091,928,512
1044,10721,1091,928,512
1045,10720,1091,928,512
1046,936,936,936,512
1047,10725,936,936,512
1048,10724,936,936,512
1049,10723,936,936,512
1050,944,944,944,512
1051,10728,944,944,512
1052,10727,944,944,512
1053,10726,944,944,512
1054,951,951,951,512
1055,10731,951,951,512
1056,10730,951,951,512
1057,10729,951,951,512
1058,957,957,957,512
1059,10734,957,957,512
1060,10733,957,957,512
1061,10732,957,957,512
1062,968,968,968,512
1063,10737,968,968,512
1064,10736,968,968,512
1065,10735,968,968,512
1066,1073,512,0,512
1067,1007,1007,1007,512
1068,10674,1007,1007,512
1069,10673,1007,1007,512
1070,10672,1007,1007,512
1071,1017,512,1017,512
1072,1056,1056,1017,512
1073,10677,1056,1017,512
1074,10676,1056,1017,512
1075,10675,1056,1017,512
1076,1064,1064,1017,512
1077,10680,1064,1017,512
1078,10679,1064,1017,512
1079,10678,1064,1017,512
1080,1025,1025,1025,512
1081,10683,1025,1025,512
1082,10682,1025,1025,512
1083,10681,1025,1025,512
1084,1033,1033,1033,512
1085,10686,1033,1033,512
1086,10685,1033,1033,512
1087,10684,1033,1033,512
1088,1041,1041,1041,512
1089,10689,1041,1041,512
1090,10688,1041,1041,512
1091,10687,1041,1041,512
1092,1049,1049,1049,512
1093,10692,1049,1049,512
1094,10691,1049,1049,512
1095,10690,1049,1049,512
1096,519,512,0,512
1097,989,989,989,512
1098,91,91,91,512
1099,846,846,846,512
1100,589508455,589508455,589508455,512
1101,1009,0,0,0
1102,967,0,0,0
1103,885,0,0,0
1104,949,949,0,0
1105,840,0,0,0
1106,1016,1016,0,0
1107,21,0,0,0
1108,665,665,0,0
1109,538,538,0,0
1110,459,0,0,0
1111,900,900,0,0
1112,848,848,0,0
1113,876,848,0,0
1114,916,916,0,0
1115,336,336,0,0
1116,117,117,0,0
1117,125,125,0,0
1118,357,848,0,0
1119,832,832,0,0
1120,62,62,0,0
1121,158,158,0,0
1122,911,911,0,0
1123,384,911,0,0
1124,710,0,0,0
1125,901,0,0,0
1126,93,93,0,0
1127,229,229,0,0
1128,705,229,0,0
1129,794,794,0,0
1130,798,798,0,0
1131,1131,798,0,0
1132,1116,1116,0,0
1133,933,0,0,0
1134,1076,0,0,0
1135,413,413,0,0
1136,948,0,0,0
1137,841,841,0,0
1138,641,0,0,0
1139,506,506,0,0
1140,658,658,0,0
1141,633,633,0,0
1142,482,482,0,0
1143,808,0,0,0
1144,917,0,0,0
1145,237,237,0,0
1146,717,0,0,0
1147,813,0,0,0
1148,925,0,0,0
1149,792,0,0,0
1150,932,0,0,0
1151,570,0,0,0
1152,522,0,0,0
1153,858,0,0,0
1154,586,0,0,0
1155,514,0,0,0
1156,380,380,0,0
1157,388,0,0,0
1158,396,0,0,0
1159,697,697,0,0
1160,871,0,0,0
1161,29,0,0,0
1162,389,0,0,0
1163,245,0,0,0
1164,261,0,0,0
1165,270,0,0,0
1166,293,0,0,0
1167,277,0,0,0
1168,253,0,0,0
1169,285,0,0,0
1170,627,0,0,0
1171,960,0,0,0
1172,744,744,0,0
1173,752,0,0,0
1174,326,326,0,0
1175,812,812,0,0
1176,85,812,0,0
1177,850,850,0,0
1178,866,866,0,0
1179,78,78,0,0
1180,1123,1123,0,0
1181,553,553,0,0
1182,499,1123,0,0
1183,650,1123,0,0
1184,490,1123,0,0
1185,404,1123,0,0
1186,410,1123,0,0
1187,373,0,0,0
1188,728,728,0,0
1189,484682512,484682512,0,0
1190,983,0,0,0
1191,776,0,0,0
1192,956,956,0,0
1193,579,579,0,0
1194,964,964,0,0
1195,1108,1108,0,0
1196,971,971,0,0
1197,979,0,0,0
1198,484682516,484682516,0,0
1199,986,986,0,0
1200,784,784,0,0
1201,6,6,0,0
1202,924,924,0,0
1203,1036,784,0,0
1204,1012,784,0,0
1205,1003,784,0,0
1206,994,784,0,0
1207,190,190,0,0
1208,198,198,0,0
1209,1019,784,0,0
1210,1028,784,0,0
1211,896,0,0,0
1212,1092,1092,0,0
1213,14,0,0,0
1214,86,0,0,0
1215,365,0,0,0
1216,484682520,484682520,0,0
1217,484682524,484682524,0,0
1218,1000,0,0,0
1219,760,0,0,0
1220,142,0,0,0
1221,102,102,0,0
1222,109,0,0,0
1223,134,0,0,0
1224,309,0,0,0
1225,317,0,0,0
1226,877,0,0,0
1227,1051,1051,0,0
1228,1060,1060,0,0
1229,1043,1043,0,0
1230,863,863,0,0
1231,397,397,0,0
1232,221,863,0,0
1233,736,0,0,0
1234,855,0,0,0
1235,205,0,0,0
1236,213,0,0,0
1237,941,0,0,0
1238,991,0,0,0
1239,768,0,0,0
1240,884,884,0,0
1241,892,0,0,0
1242,908,908,0,0
1243,940,940,0,0
1244,1099,0,0,0
1245,466,466,0,0
1246,530,530,0,0
1247,603,603,0,0
1248,745,0,0,0
1249,420,0,0,0
1250,737,0,0,0
1251,428,428,0,0
1252,436,436,0,0
1253,618,0,0,0
1254,443,443,0,0
1255,449,449,0,0
1256,713,0,0,0
1257,474,0,0,0
1258,37,0,0,0
1259,301,301,0,0
1260,484682528,484682528,0,0
1261,824,0,0,0
1262,54,54,0,0
1263,405,0,0,0
1264,174,0,0,0
1265,349,349,0,0
1266,817,349,0,0
1267,825,349,0,0
1268,833,349,0,0
1269,166,0,0,0
1270,341,0,0,0
1271,182,0,0,0
1272,762,0,0,0
1273,770,0,0,0
1274,779,0,0,0
1275,787,0,0,0
1276,150,0,0,0
1277,46,0,0,0
1278,753,753,0,0
1279,690,690,0,0
1280,681,681,0,0
1281,673,673,0,0
1282,1068,0,0,0
1283,722,0,0,0
1284,1083,0,0,0
1285,802,802,0,0
1286,595,595,0,0
1287,611,611,0,0
1288,730,0,0,0
1289,70,0,0,0
1290,547,0,0,0
1291,563,0,0,0
1292,73,0,0,0
1293,81,81,0,0
1294,89,81,0,0
1295,98,98,0,0
1296,108,108,0,0
1297,116,81,0,0
1298,124,0,0,0
1299,129,129,0,0
1300,140,140,0,0
1301,145,145,0,0
1302,153,153,0,0
1303,164,164,0,0
1304,1024,0,0,0
1305,1032,0,0,0
1306,1055,0,0,0
1307,1063,0,0,0
1308,1071,0,0,0
1309,1078,0,0,0
1310,1040,0,0,0
1311,1087,0,0,0
1312,1095,0,0,0
1313,1103,0,0,0
1314,1112,0,0,0
1315,1119,0,0,0
1316,3,0,0,0
1317,11,0,0,0
1318,18,0,0,0
1319,25,0,0,0
1320,34,0,0,0
1321,43,0,0,0
1322,49,0,0,0
1323,57,0,0,0
1324,65,0,0,0
1325,624,0,0,0
1326,304325711,0,0,0
